node_id,blog,in_degree,out_degree,total_degree
1,100monkeystyping.com,12,15,27
2,12thharmonic.com/wordpress,5,43,48
3,40ozblog.blogspot.com,0,0,0
4,4lina.tblog.com,0,0,0
5,750volts.blogspot.com,1,3,4
6,95theses.blogspot.com,0,1,1
7,abbadabbaduo.blogspot.com,1,0,1
8,aboutpolitics.blogspot.com,19,19,38
9,achingandspinning.blogspot.com,0,8,8
10,ackackack.com,1,14,15
11,adamtalib.blogspot.com,0,1,1
12,adviceforlefty.blogspot.com,1,3,4
13,agonist.org,48,15,63
14,aintnobaddude.com,27,62,89
15,ajbenjaminjr.blogspot.com,16,54,70
16,alicublog.blogspot.com,29,25,54
17,allanjenkins.typepad.com,1,1,2
18,allspinzone.blogspot.com,19,29,48
19,alphapredator.com/wdtgw.htm,1,3,4
20,alternateworlds.blogspot.com,0,13,13
21,althippo.blogspot.com,10,38,48
22,alvintostig.typepad.com,7,19,26
23,americablog.blogspot.com,68,29,97
24,americablog.org,33,23,56
25,americandreamslost.blogspot.com,0,0,0
26,americanmuslim.blogs.com,0,1,1
27,americanpolitics.com,22,13,35
28,americansforbayh.blogspot.com,2,10,12
29,amleft.blogspot.com,24,39,63
30,amliberal.com/blog,1,0,1
31,amptoons.com/blog,41,36,77
32,anarchyxero.robfindlay.org,1,5,6
33,andifeelfine.blogspot.com,2,1,3
34,andymatic.com,2,3,5
35,angrybear.blogspot.com,54,6,60
36,angrydesi.typepad.com,2,9,11
37,angryfinger.org,2,0,2
38,angryhomo.blogspot.com,2,1,3
39,annatopia.com/home.html,27,0,27
40,anoldsoul.blogspot.com,26,88,114
41,anonymoussources.blogspot.com,2,6,8
42,answerguy.blogspot.com,5,10,15
43,anybodybutbushyall.blogspot.com,0,4,4
44,anywhichway.net,1,0,1
45,arancaytar.blogspot.com,4,3,7
46,archpundit.com,21,53,74
47,arkansastonight.com,2,1,3
48,asian-nation.org/headlines/index.php,0,0,0
49,asiegeofherons.blogspot.com,0,0,0
50,asilentrevolution.blogspot.com,0,0,0
51,askhoudari.blogspot.com,1,0,1
52,astroturf.uni.cc,1,0,1
53,atease.blogspot.com,6,2,8
54,atomicairship.com,0,0,0
55,atrios.blogspot.com,263,87,350
56,atrios.blogspot.com/ ,0,88,88
57,aurelientt.blogspot.com,0,0,0
58,awards5.tripod.com/tarasblog,0,4,4
59,b-patton.blogspot.com,1,0,1
60,babylon.squarespace.com,0,0,0
61,badattitudes.com/mt,0,0,0
62,bakshi.us/redskunk,2,0,2
63,barcidhomily.com,0,0,0
64,barkingdingo.blogspot.com,4,3,7
65,bartcop.com,33,1,34
66,battleground-wisconsin.blogspot.com,0,2,2
67,battlegroundstates.blogspot.com,2,0,2
68,beastsbelly.blogspot.com,0,23,23
69,bentcorner.blogspot.com,0,2,2
70,bettyblog.com,0,18,18
71,bigbloosky.blogspot.com,0,0,0
72,billmon.org,77,73,150
73,billsrants.blogspot.com,4,12,16
74,blackwingleftbird.blogspot.com,0,0,0
75,blog.dccc.org,50,74,124
76,blog.dennisfox.net,1,2,3
77,blog.glinka.com,0,2,2
78,blog.johnkerry.com,23,0,23
79,blog.kenlan.net,3,9,12
80,blog.mintruth.com,0,6,6
81,blog.veggiedude.com,2,4,6
82,blog01.kintera.com/dnccblog,5,37,42
83,blog01.kintera.com/emilysblog,1,0,1
84,bloganonymous.com,0,7,7
85,blogforamerica.com,57,16,73
86,blogforarizona.com,3,0,3
87,blogfreeordie.blogspot.com,5,11,16
88,blogitics.com,5,0,5
89,blogs.salon.com/0002874,49,26,75
90,blogs.salon.com/0003364,8,40,48
91,blogs.salon.com/0004024,0,0,0
92,blogslut.com,1,3,4
93,blosteam.blogspot.com,0,4,4
94,blotts.org/polilog,0,0,0
95,bluegrassroots.blogspot.com,2,5,7
96,bluelemur.com,15,0,15
97,blueoregon.com,6,1,7
98,bluestateredstate.blogspot.com,1,4,5
99,bodyandsoul.typepad.com,86,96,182
100,boffo.typepad.com,6,31,37
101,boloboffin.blogspot.com,4,62,66
102,bopnews.com,62,4,66
103,boston.com/news/blogs/dnc,0,6,6
104,bowles2004.com/weblog,1,0,1
105,boycottsbg.com,2,0,2
106,bradcarson.com/blog,1,0,1
107,bradfriedman.com/bradblog,3,0,3
108,brianhull.net,0,0,0
109,brilliantatbreakfast.blogspot.com,12,37,49
110,browncross.com/usualsuspects,1,2,3
111,brunon.blogspot.com ,0,0,0
112,bryan08.tk,0,0,0
113,btcnews.com/btcnews,1,18,19
114,bullmooseblog.com,29,4,33
115,burntorangereport.com,40,29,69
116,bushlies.net/pages/10/index.htm,0,1,1
117,bushmisunderestimated.blogspot.com,0,25,25
118,busybusybusy.com,47,80,127
119,buzzmachine.com,75,37,112
120,cadat.nl,0,0,0
121,carpetblogger.com,0,10,10
122,catchingsmoke.blogspot.com,0,0,0
123,cbaker.org/blog,2,6,8
124,cemonitor.blogspot.com,1,28,29
125,centerpiece.blogspot.com,0,6,6
126,chak.org/blog,0,0,0
127,changeforamerica.com/blog,9,0,9
128,charleypatton.blogspot.com,1,1,2
129,charlineandjamie.com/dotnetweb01a/blogdisplay.aspx?logname=jamie&#38;logcatid=48,0,1,1
130,chepooka.com,15,3,18
131,chestnut_tree.blogspot.com,0,0,0
132,chiron.typepad.com,0,20,20
133,churchofcriticalthinking.com,2,0,2
134,civicactions.com,0,0,0
135,cjh9999.blog-city.com,0,0,0
136,clarified.blogspot.com,6,6,12
137,claudialong.com/blog,2,30,32
138,cleancutkid.com,1,14,15
139,cnle.net,0,0,0
140,collegedems.com/blog,19,35,54
141,conniptions.net,2,1,3
142,conservativessuck.blogspot.com,2,6,8
143,contrapositive.blogspot.com,2,3,5
144,corrente.blogspot.com,72,106,178
145,counterspin.blogspot.com,33,0,33
146,courtney5.us/drew,0,0,0
147,crankylittleblog.blogspot.com,0,6,6
148,crapiscommon.blogspot.com,0,0,0
149,criticalviewer.com,0,7,7
150,crookedtimber.org,100,47,147
151,crooksandliars.com,1,23,24
152,dailyblatt.blogspot.com,0,2,2
153,dailyblurb.blogspot.com,0,0,0
154,dailyhowler.com,80,0,80
155,dailykos.com,337,46,383
156,dailywarnews.blogspot.com,26,22,48
157,damntheman.net,2,9,11
158,dashnier.blogspot.com,1,1,2
159,davidsirota.com,27,3,30
160,dawnofnewamerica.blogspot.com,3,18,21
161,deanocrats.com,0,0,0
162,deathpenaltyusa.blogspot.com,9,18,27
163,debunker.net,0,4,4
164,decksitters.my-expressions.com,0,0,0
165,dedspace.blogspot.com,5,17,22
166,delraysteve.com/blog,0,1,1
167,demagogue.blogspot.com,32,42,74
168,demleft.blogspot.com,9,24,33
169,democrants.blogspot.com,0,0,0
170,democraticunderground.com,90,5,95
171,democratreport.blogspot.com,1,0,1
172,democrats.org/blog,66,36,102
173,democratvoice.org,0,1,1
174,demoliberal.blogspot.com,0,0,0
175,dems2000.net,0,2,2
176,dems2004.com/blog,0,0,0
177,dems2004.org/blog,0,38,38
178,denisdekat.com,1,6,7
179,dewar.journalspace.com,2,9,11
180,digbysblog.blogspot.com,118,71,189
181,digestiblenews.blogspot.com,8,43,51
182,digital-democrat.blogspot.com,0,1,1
183,digitaldissent.blogspot.com,0,0,0
184,digitaljay.blogspot.com,0,1,1
185,dimmykarras.blogspot.com,3,5,8
186,dir.salon.com/topics/joe_conason/index.html,13,0,13
187,discourse.net,32,31,63
188,diypolitics.blogdrive.com,1,6,7
189,dneiwert.blogspot.com,101,62,163
190,dogfight04.typepad.com,1,12,13
191,dohiyimir.typepad.com,33,67,100
192,dolphinsdock.com/blog,8,2,10
193,donkey2004.blogspot.com,1,2,3
194,donspoliticalblog.blogspot.com,4,2,6
195,doublespeakez.blogspot.com,0,0,0
196,doubter.blogspot.com,0,0,0
197,drugwarmovie.com/drugwarmovie/weblog/blogger.html,0,0,0
198,duckdaotsu.blogspot.com,0,1,1
199,dygital.blogspot.com,0,0,0
200,dystopia.blog-city.com,3,0,3
201,eastbaykerry.com,0,1,1
202,elayneriggs.blogspot.com,44,91,135
203,elderbearden.blogspot.com,1,2,3
204,electablog.com,18,27,45
205,elemming2.blogspot.com,9,24,33
206,elfoflight.blogspot.com,0,0,0
207,elissa.typepad.com,0,8,8
208,eltcamerica.blogspot.com,0,1,1
209,emergingdemocraticmajority.com,8,25,33
210,emergingdemocraticmajorityweblog.com/donkeyrising,70,26,96
211,emptyisform.com,0,14,14
212,endthenightmare.blogspot.com,0,1,1
213,enemykombatant.blogspot.com,2,0,2
214,enlightenedbelle.blogspot.com,0,0,0
215,ergio.blogspot.com,1,0,1
216,estropundit.blogspot.com,0,1,1
217,etherealgirl.blogspot.com,0,25,25
218,fafblog.blogspot.com,46,34,80
219,fairshot.org,0,56,56
220,farleft.blogspot.com,6,8,14
221,fidlet.com,0,0,0
222,fiercepoet.com,1,2,3
223,flagrancy.net,1,36,37
224,folkbum.blogspot.com,15,57,72
225,forewarned.blogspot.com,0,1,1
226,freakinliberals.com/blog_a,0,0,0
227,frederickclarkson.com,7,6,13
228,freedompress.blogspot.com,0,0,0
229,fromtheroots.org,28,35,63
230,fuckthisblog.blogspot.com,0,1,1
231,futuraworkz.com,0,0,0
232,gabeanderson.com/life,0,0,0
233,gadflyer.com,56,0,56
234,gaijincory.com,0,0,0
235,garbage-house.com,0,1,1
236,garrulus.ilcannocchiale.it,0,0,0
237,georgewbuy.blogspot.com,2,0,2
238,gisleson.com/blog,3,51,54
239,global-equality.org/news/blog/index.shtml,0,2,2
240,gloomanddoom.blogspot.com,0,0,0
241,goose3five.blogspot.com,10,46,56
242,gotzfamily.org/weblog,0,0,0
243,grassrootsmom.blogspot.com,3,11,14
244,grassrootsnation.com,0,3,3
245,greaterdemocracy.org,10,2,12
246,greendogdemocrat.blogspot.com,2,0,2
247,greentit.com,0,0,0
248,gregpalast.com,45,0,45
249,grupo-utopia.com/blog/isou,24,20,44
250,hal9000report.blogdrive.com,0,4,4
251,halcyondays.info,0,0,0
252,hategun.com,1,0,1
253,hellafaded.blogspot.com,1,18,19
254,hellofromparis.blogspot.com,0,0,0
255,hellskitchennyc.blogspot.com,0,1,1
256,hereswhatsleft.typepad.com,8,35,43
257,hereswhatsleft.typepad.com/home,0,36,36
258,heysucka.blogspot.com,0,0,0
259,higherpieproductions.com,11,50,61
260,hoeffelforsenate.com/blog,0,0,0
261,home.att.net/~dbarnhill,0,0,0
262,home.att.net/~gentle.reader,0,5,5
263,home.earthlink.net/~cdowner,0,0,0
264,home.earthlink.net/~fsrhine,14,41,55
265,home.earthlink.net/~heavy-duty,0,0,0
266,home.earthlink.net/~juris_doctor_szh,0,0,0
267,home.earthlink.net/~kevin.omeara,1,3,4
268,home.houston.rr.com/skeptical,12,15,27
269,homepage.mac.com/elisa_camahort/iblog,1,1,2
270,homepage.mac.com/georgia.nesmith/iblog/index.html,0,0,0
271,homepage.mac.com/jpbarr/myblog,0,0,0
272,hotflashesfromthecampaigntrail.blogspot.com,1,0,1
273,hotflashreport.com,4,10,14
274,howienfriends.blogspot.com,0,4,4
275,hugozoom.blogspot.com,5,2,7
276,ibe.blogspot.com,38,0,38
277,ibrutus.com,0,6,6
278,iddybud.blogspot.com,23,50,73
279,idiosyncratictendencies.com,2,2,4
280,idlehandsmag.com/yellowdog04,1,2,3
281,iflipflop.com,1,12,13
282,ignatz.blogspot.com,6,17,23
283,ihatepatrobertson.com,6,13,19
284,ilovecynics.com,0,1,1
285,in-sub-ordination.blogspot.com,0,0,0
286,inez2004.com/blogs,0,0,0
287,insanepreschoolmom.blogspot.com,1,3,4
288,interestingtimes.blogspot.com,33,57,90
289,interestingtimes.typepad.com,2,19,21
290,ironmouth.com,0,6,6
291,irregulartimes.com/blogger.html,1,0,1
292,islanddave.blogspot.com,5,0,5
293,itlookslikethis.blogeasy.com,0,8,8
294,itsabitmuch.blogspot.com,0,0,0
295,ivotedforgeorge.com,6,9,15
296,iwantmycountryback.org,0,41,41
297,j-bradford-delong.net/movable_type,109,8,117
298,jadbury.com,2,11,13
299,jadbury.com/blog,4,11,15
300,jadedreality.blogspot.com,4,7,11
301,jameswolcott.com,80,3,83
302,jamiefeyrer.com,0,0,0
303,janm.blogspot.com,1,9,10
304,jason.unitedworkers.org,0,0,0
305,jbcougar.blogspot.com,0,7,7
306,jcchurch.blogspot.com,0,0,0
307,jdeeth.blogspot.com,1,9,10
308,jeremybrendan.blogspot.com,0,1,1
309,jetage.blogspot.com,0,3,3
310,jewssansfrontieres.blogspot.com,4,2,6
311,jimgilliam.com,3,3,6
312,jimtreacher.com,24,3,27
313,jinkythecat.blogspot.com,3,11,14
314,jmbzine.com,2,0,2
315,joebrent.blogspot.com,0,10,10
316,john.hoke.org,6,15,21
317,johnmccrory.com,3,40,43
318,johnnynobody.blogspot.com,4,0,4
319,jointhecrowd.blogspot.com,0,0,0
320,jospehsmind.blogspot.com,0,0,0
321,journals.aol.com/breuvers/madashellnotgoingtotakeitanymore,1,3,4
322,jpandre.blogspot.com,0,0,0
323,juancole.com,165,9,174
324,juandejesus.50megs.com/juancomments.html,0,0,0
325,julietterossant.com/superchefblog/superchefblog.html,0,1,1
326,juliusblog.blogspot.com,11,37,48
327,justmark.com,0,1,1
328,karlhenderson.blogspot.com,0,5,5
329,karmicsoup.blogspot.com,3,1,4
330,katyggls.blogspot.com,0,0,0
331,kcdems.blogspot.com,2,4,6
332,kensain.com,6,23,29
333,kerryforpresident2008.blogspot.com,4,5,9
334,kerrytalkingpoints.blogspot.com,0,0,0
335,kicktheleftist.blogspot.com,9,8,17
336,kiersten.connersax.com,0,0,0
337,kiosan.blogharbor.com,5,5,10
338,kippsblog.com,0,1,1
339,kristyandotherwise.blogspot.com,0,0,0
340,kurtkk.blogspot.com,0,2,2
341,kydem.blogspot.com,7,6,13
342,labandadelbuko.ilcannocchiale.it,0,0,0
343,lagernik.blogspot.com,0,0,0
344,lastdaysoftherepublic.fatoprofugus.net,0,10,10
345,lawdork.blogspot.com,2,7,9
346,laylasblog.com,0,0,0
347,leanleft.com,42,43,85
348,leavethematrix.blogspot.com,0,0,0
349,left2right.typepad.com,9,4,13
350,lefterer.com,3,21,24
351,lefti.blogspot.com,16,11,27
352,leftinthereign.blogspot.com,0,4,4
353,leftthought.blogspot.com,1,2,3
354,lefttimes.com,1,0,1
355,leftwingnation.com,0,2,2
356,lendmesomesugar.blogs.com/shut_up_already,0,2,2
357,lennonreport.blogspot.com,1,8,9
358,leonards-digest.blogspot.com,2,1,3
359,lettherebepeace.blogspot.com,0,0,0
360,liberalangst.org,2,0,2
361,liberalavenger.com,10,14,24
362,liberaleric.blogspot.com,0,2,2
363,liberaloasis.com,101,115,216
364,liberalreview.blogspot.com,0,1,1
365,liberalthunderdome.blogspot.com,0,3,3
366,liberationlearning.blogspot.com,0,0,0
367,lightupthedarkness.org,8,0,8
368,lightupthedarkness.org/blog/default.asp,0,6,6
369,limecoconut.blogspot.com,0,0,0
370,limericksavant.blogspot.com,1,2,3
371,liquidlist.com,27,4,31
372,literarybargainville.net,0,0,0
373,livejournal.com/users/hoptkov,0,2,2
374,livejournal.com/users/jmhm,30,9,39
375,livejournal.com/~dailyapple,0,0,0
376,livejournal.com/~ladywriter_mts,0,0,0
377,loadedmouth.com,14,42,56
378,lorenjavier.blogspot.com,0,14,14
379,loud-liberal.blogspot.com,3,3,6
380,loveamericahatebush.com,1,1,2
381,lowrentrat.blogdrive.com,1,6,7
382,ltobs.blogspot.com,0,1,1
383,ludis.blogspot.com,0,14,14
384,ludovicspeaks.typepad.com,1,5,6
385,ludovicspeaks.typepad.com/real_deal,0,6,6
386,madamepresident2020.blogspot.com,0,0,0
387,madkane.com/notable.html,39,131,170
388,maggiespants.co.uk,0,2,2
389,mahablog.com,39,40,79
390,marcbrazeau.blogspot.com,0,17,17
391,margaretcho.com/blog/blog.htm,25,7,32
392,margieburns.com,1,0,1
393,markadams.blogdrive.com,10,23,33
394,markarkleiman.com,59,39,98
395,markch.blogspot.com,0,0,0
396,markschmitt.typepad.com/decembrist,34,11,45
397,markwarnerforpresident2008.blogspot.com,1,0,1
398,martadonayre.com,0,0,0
399,maruthecrankpot.blogspot.com,30,36,66
400,massachusetts-liberal.com,0,1,1
401,mathewgross.com,4,1,5
402,mathewgross.com/blog,25,24,49
403,matthewyglesias.com,0,1,1
404,maultasch.us,2,0,2
405,maxspeak.org/mt,87,7,94
406,mayflowerhill.blogspot.com,1,16,17
407,mcwil.blogspot.com,1,0,1
408,meanspirit.blogspot.com,1,0,1
409,meateatingleftist.com,2,15,17
410,mediajunkie.com/edgewise,3,36,39
411,mediaprima.com/nv1962,1,0,1
412,members.aol.com/ourprez08,0,0,0
413,members.cox.net/aaronjohn,0,0,0
414,messengerpuppet.com/blog,0,2,2
415,metropol47.blogspot.com,2,6,8
416,michael124.blogspot.com,0,8,8
417,michaelberube.com,52,73,125
418,michaelphillips.blogspot.com,2,24,26
419,mickikrimmel.com/redcarpet,0,3,3
420,midguard.blogspot.com,2,4,6
421,minagahet.blogspot.com,0,5,5
422,mirocat.com,3,8,11
423,miss-sassafras.com,0,0,0
424,misschin.bloggage.com,2,1,3
425,missourikid.blog-city.com,0,0,0
426,mixtersmix.blogspot.com,2,2,4
427,montages.blogspot.com,3,9,12
428,moxiegrrrl.com,0,7,7
429,mrleft.org,3,0,3
430,mrstevebeers.blogspot.com,0,0,0
431,msnbc.msn.com/id/3449870,51,36,87
432,mstabile.blogspot.com,24,10,34
433,multitudes.typepad.com,0,0,0
434,mydd.com,114,45,159
435,myducksoup.com/blog/bloglib/bloglib.shtml,0,0,0
436,myleftbrain.com,9,24,33
437,myleftthoughts.blogspot.com,0,1,1
438,mysterypollster.com/main,6,12,18
439,nastyboys.blogspot.com,2,3,5
440,nathancallahan.com,2,5,7
441,nathannewman.org/log,61,17,78
442,nationalreview.com/frum/frum-diary.asp,15,0,15
443,ndnblog.org,15,0,15
444,nearouterheaven.blogspot.com,1,16,17
445,nebursworld.blogspot.com,0,1,1
446,needlenose.com,33,3,36
447,nephandus.com/blog.php,0,0,0
448,nerofiddled.blogspot.com,1,6,7
449,netpolitik.blogspot.com,13,27,40
450,netweed.com/postmodernanarchist,1,1,2
451,newappeal.blogspot.com,1,11,12
452,newdemocrat.blogdrive.com,4,4,8
453,newdonkey.com,25,9,34
454,newleftblogs.blogspot.com,39,140,179
455,news-opinion.blog-city.com,0,0,0
456,newstrolls.com,0,0,0
457,nftl.blogspot.com,0,0,0
458,niagarabuzz.com,0,0,0
459,nickgerman.blogspot.com,0,0,0
460,nielsenhayden.com/electrolite,44,66,110
461,nielsenhayden.com/makinglight,37,20,57
462,njfordemocracy.org,1,0,1
463,njn-blogogram.blogspot.com,0,0,0
464,njsoccermom.blogspot.com,0,0,0
465,node707.com,33,24,57
466,nofearoffreedom.blogspot.com,2,3,5
467,nomoremister.blogspot.com,35,54,89
468,norbizness.com,42,70,112
469,noseyonline.com,5,63,68
470,nosmallplans.com/rants,0,3,3
471,notbush.com,3,0,3
472,notgeniuses.com,28,32,60
473,nuntius.blogspot.com,0,0,0
474,nycitystoop.com,0,1,1
475,obamablog.com,5,12,17
476,obrien4.net/probitus,0,0,0
477,obsidianwings.blogs.com,24,55,79
478,ocd-gx-liberal.blogspot.com,0,0,0
479,oddhours.blogspot.com,5,33,38
480,offthekuff.com/mt,48,24,72
481,oipp.blogspot.com,2,21,23
482,oliphantparts.org/blog,0,0,0
483,oliverwillis.com,117,10,127
484,one38.org,12,30,42
485,onetrueblog.com,0,0,0
486,onhappiness.crimsonblog.com,0,0,0
487,openeyesmemo.com,1,1,2
488,orient-lodge.com,3,0,3
489,ospolitics.org,45,47,92
490,oxblog.blogspot.com,67,20,87
491,pacdaily.com,1,1,2
492,pacificviews.org,50,82,132
493,pandagon.net,123,48,171
494,parabasis.typepad.com,1,3,4
495,patriotboy.blogspot.com,68,34,102
496,pattymurray.com/blog.php,0,3,3
497,paulchasman.com,1,0,1
498,peacegarden.blogspot.com,8,13,21
499,penheaded.blogspot.com,0,7,7
500,pennywit.com/drupal,9,1,10
501,permanentred.com,5,30,35
502,peskytherat.com/pesky,0,1,1
503,phillybri.blogspot.com,5,14,19
504,philoponia.blogspot.com,0,6,6
505,philosophers-stone.blogspot.com,1,4,5
506,philvbblog.blogspot.com,0,1,1
507,phoblographer.com,1,3,4
508,pinkofeministhellcat.typepad.com/pinko_feminist_hellcat,10,47,57
509,planetdave.com/blogs.php3?mid=1,0,1,1
510,politicalinsanity.com,0,0,0
511,politicalmonitor.us/blog,0,8,8
512,politicalstrategy.org,20,131,151
513,politicalthought.net,2,0,2
514,politicalwire.com,103,0,103
515,politics.feedster.com,3,31,34
516,politicswithrichard.blogspot.com,0,1,1
517,polizeros.com,12,4,16
518,pollsterseek.blogspot.com,0,4,4
519,polstate.com,38,5,43
520,popstalin.com/news,0,0,0
521,portapulpit.com,2,4,6
522,posptect.org/weblog,0,0,0
523,praguewriter.typepad.com,1,0,1
524,presidentboxer.blogspot.com,17,109,126
525,prestoncaldwellblog.blogspot.com,0,7,7
526,probitus.obrien4.net,0,0,0
527,profgoose.blogspot.com,2,3,5
528,progressivecyclone.blogspot.com,0,0,0
529,progressivedialogue.com,0,0,0
530,progressiveink.com,4,0,4
531,progressiveink.com/bloggers.php,0,0,0
532,progressivesociety.com/blog,2,8,10
533,progressivetrail.org/blog.shtml,0,0,0
534,proponentofreason.blogspot.com,1,1,2
535,prospect.org/weblog,112,32,144
536,pudentilla.blogspot.com,7,33,40
537,punditician.blogspot.com,0,2,2
538,purplestates.blogspot.com,1,6,7
539,qando.net,61,24,85
540,question-dean.blogspot.com,0,3,3
541,radgeek.com,4,3,7
542,radikal_papi.pitas.com,1,0,1
543,radio.weblogs.com/0131587/categories/flush,0,1,1
544,raedinthemiddle.blogspot.com,24,3,27
545,randz.net,0,0,0
546,rantingred.blogspot.com,0,0,0
547,reachm.com/amstreet,96,45,141
548,readingpost.com,6,0,6
549,realitybasednation.com,5,2,7
550,red-harvest.blogspot.com,6,4,10
551,religiousleft.blogspot.com,5,1,6
552,republicansbite.com,0,0,0
553,republicoft.typepad.com,2,3,5
554,resistoppression.blogspot.com,1,1,2
555,restoreamerica.blogspot.com,0,6,6
556,retrogrouch.net,6,33,39
557,revoltnow-us.blogspot.com,0,0,0
558,reynardfox.com,0,0,0
559,rhetoricrhythm.blogspot.com,7,49,56
560,righthandthief.blogspot.com,9,35,44
561,rising-hegemon.blogspot.com,31,43,74
562,risinghegemon.blogspot.com,2,12,14
563,rittenhouse.blogspot.com,75,12,87
564,riverbendblog.blogspot.com,72,3,75
565,rkook.blogspot.com,0,0,0
566,roadtosurfdom.com,41,50,91
567,robot-invasion.com,3,19,22
568,robschumacher.blogspot.com,6,83,89
569,rockthrower.blogs.com/rockthrower,0,0,0
570,rogerailes.blogspot.com,65,51,116
571,roil.blogspot.com,0,0,0
572,rooksrant.com,33,4,37
573,rowhouselogic.com,3,29,32
574,roxanne.typepad.com,43,61,104
575,rudepundit.blogspot.com,45,15,60
576,rudyforfreeholder.org,0,0,0
577,ruminatethis.com,39,9,48
578,s88172659.onlinehome.us/spockosbrain.html,2,3,5
579,sadlyno.com,47,21,68
580,saveoursenate.blogspot.com,1,4,5
581,savetheus.blogspot.com,0,0,0
582,saxa.blogspot.com,0,0,0
583,sccdp.org/blog.php,1,12,13
584,schadelmann.com,2,1,3
585,scoobiedavis.blogspot.com,32,59,91
586,scott-niven.com/saltwaterpizza,0,0,0
587,scottcsmith.net,7,13,20
588,scripting.com,20,1,21
589,scrutinyhooligans.blogspot.com,16,27,43
590,seeingtheforest.com,1,11,12
591,seetheforest.blogspot.com,75,10,85
592,senatorbarb.typepad.com,0,0,0
593,senorpez.com,0,0,0
594,sequiturnon.blog-city.com,0,0,0
595,sethdmichaels.com,2,0,2
596,shakespearessister.blogspot.com,12,28,40
597,shamelessantagonist.blogspot.com,3,4,7
598,sharedthought.com/weblog,1,4,5
599,shetquaker.blog-city.com,0,0,0
600,shininglight.us,4,11,15
601,shoegal.modblog.com,0,2,2
602,shotofpolitics.blogspot.com,4,24,28
603,shrillblog.blogspot.com,10,1,11
604,simbaud.blogspot.com,22,80,102
605,simplyappalling.blogspot.com,2,8,10
606,skipperstyle.com,0,0,0
607,small-hands.blogspot.com,0,0,0
608,smearbody.blogspot.com,0,0,0
609,smirkingchimp.com,56,0,56
610,smithersmpls.com,2,24,26
611,snooty.binaryclub.com/wp-rdf.php,0,0,0
612,snunes.blogspot.com,6,71,77
613,someonetakethewheel.blogspot.com,0,4,4
614,soonerthought.com,0,5,5
615,southknoxbubba.net/skblog,44,72,116
616,spacedog26.blogspot.com,0,1,1
617,spectatorsport.blogspot.com,0,11,11
618,stagefour.typepad.com/commonprejudice,3,94,97
619,stalinism.com/shot-by-both-sides,1,14,15
620,stcfoundation.blogspot.com,4,39,43
621,stephenbates.com/yellowdoggereldemocrat,23,0,23
622,stevecopy.blogharbor.com,3,3,6
623,stevegilliard.blogspot.com,63,14,77
624,steveguy.me.uk,0,1,1
625,stevemacek.blogspot.com,2,2,4
626,stillfighting.blogspot.com,0,10,10
627,stirs-the-pot.blogspot.com,0,0,0
628,stitt.blogspot.com,0,1,1
629,stonyfield.com/weblog/bovinebugle/index.html,0,0,0
630,stonyfield.com/weblog/strongwomendailynews/index.html,0,0,0
631,strangedoctrines.typepad.com,2,35,37
632,strangesemantics.blogspot.com,1,0,1
633,stzman.org/blog,0,0,0
634,suburbanguerrilla.blogspot.com,61,13,74
635,swamiuptown.com,0,6,6
636,swingleft.blogspot.com,0,0,0
637,swingstateproject.com,21,7,28
638,takeaction.blog-city.com,0,0,0
639,takeactionmichigan.blog-city.com,0,0,0
640,takebackthemedia.com,29,14,43
641,talkingpointsmemo.com,268,14,282
642,talkleft.com,140,21,161
643,tallone.org,0,2,2
644,tbogg.blogspot.com,87,82,169
645,teenageenthusiast.blogspot.com,4,18,22
646,tesibria.typepad.com/democracy_is_coming,0,4,4
647,thatcoloredfellasweblog.bloghorn.com,1,32,33
648,thatgoodnight.com,6,8,14
649,the-goddess.org,20,4,24
650,the-hamster.com,59,11,70
651,theaggpro.blogspot.com,1,0,1
652,theagitator.blogspot.com,0,15,15
653,theangryliberal.blogspot.com,3,2,5
654,theantibush.org,1,0,1
655,theapologist.blogspot.com,1,0,1
656,thebarrexam.blogspot.com,0,0,0
657,theblogwarrior.blogspot.com,0,4,4
658,thebluestate.com,0,0,0
659,theblueview.blogspot.com,2,20,22
660,thecarpetbaggerreport.com,12,27,39
661,thecore4.com,6,12,18
662,thefulcrum.blogspot.com,17,5,22
663,theimmoralminority.blogspot.com,0,0,0
664,theleftcoaster.com,82,50,132
665,thelefthand.blogspot.com,0,0,0
666,thelonedem.com,1,0,1
667,thelucideye.blogspot.com,1,6,7
668,thepeach.blogspot.com,0,5,5
669,thepoorman.net,62,49,111
670,theradiomansays.blogspot.com,0,1,1
671,therogueangel.com/blog,6,2,8
672,therustybarrel.com/david/blog,0,0,0
673,thesiliconmind.blogspot.com,0,0,0
674,thesnooter.blogspot.com,1,1,2
675,thetalentshow.org,33,56,89
676,thetalkingdog.com,36,62,98
677,thewashingtonnote.com,32,4,36
678,thewilson.blogspot.com,0,0,0
679,theworldaroundyou.com,5,3,8
680,thewritewing.blogspot.com,1,2,3
681,theyetimn.blogspot.com,2,9,11
682,thingsasitis.net,1,0,1
683,think2004.com,0,6,6
684,thinkingrocks.blogspot.com,1,2,3
685,thirdredeye.blogspot.com,0,8,8
686,thislousytshirt.net,2,0,2
687,thismodernworld.com,104,2,106
688,thomasblog.typepad.com/bloggg,6,38,44
689,thunewatch.squarespace.com,1,1,2
690,tinylittledots.com,1,0,1
691,tobyemden.blogspot.com,0,9,9
692,tom_thinks.blogspot.com,0,0,0
693,tomburka.com,37,6,43
694,tomcoburnisabigfatjerk.blogspot.com,2,16,18
695,tomdaschle.com/tom/index.php?id=34,0,0,0
696,tomherod.blogspot.com,0,1,1
697,tonyknowles.com/blog.html,0,0,0
698,topviewnews.com/blog,0,0,0
699,toteota.blogspot.com,6,62,68
700,trainorphans.org,1,0,1
701,translucence.org,0,1,1
702,travalex.blogspot.com,2,16,18
703,tristero.blogspot.com,14,27,41
704,trueconservative.typepad.com,0,2,2
705,truedemocrat.blogspot.com,0,1,1
706,truthbenotproud.blogspot.com,0,0,0
707,tuibguy.messagemonster.com,0,0,0
708,turnpikefeminist.com,1,4,5
709,turnspit.com,0,4,4
710,uberddue.blogspot.com,0,0,0
711,uberdude.blogspot.com,0,21,21
712,uggabugga.blogspot.com,52,7,59
713,unodemocrats.com/blog,3,4,7
714,upper-left.blogspot.com,19,11,30
715,urbandemocracy.blogspot.com,0,5,5
716,urbanecoinc.com/wordpress1,0,1,1
717,usademocrazy.blogspot.com,1,0,1
718,usliberals.about.com,2,0,2
719,uwaythinks.blogspot.com,0,0,0
720,vernsblog.thegillfamily.us:8180,1,1,2
721,virginiaprogressive.blogspot.com,1,6,7
722,vocis.com/frank,0,3,3
723,votekerryedwards2004.blogspot.com,0,0,0
724,votervirginblog.blogspot.com,0,0,0
725,waitingfordorothy.blogspot.com,2,12,14
726,wampum.wabanaki.net,75,42,117
727,warandpiece.com,36,26,62
728,warriorsblog.blogspot.com,0,0,0
729,washingtonmonthly.com,201,55,256
730,watchingthewatchers.org,6,5,11
731,waveflux.net,4,7,11
732,weblogs.bakshi.us/redskunk,0,2,2
733,werenotallincompetent.blogspot.com,0,0,0
734,whirlingbuffalo.com/creative-spirits.htm,0,0,0
735,whopundit.blogspot.com,3,11,14
736,whoviating.blogspot.com,9,23,32
737,whyareweback.blogspot.com,16,30,46
738,winnegar.blog-city.com,1,0,1
739,winthewest.blogspot.com,0,6,6
740,woneffe.typepad.com,0,1,1
741,wonkette.com,112,17,129
742,workingpapers.blogspot.com,0,0,0
743,worldonfire.typepad.com/world_on_fire,4,23,27
744,wpblog.ohpinion.com,2,1,3
745,wsrblood.typepad.com/wiserblog,2,1,3
746,wtf.mindsay.com,0,0,0
747,wtpm.blogspot.com,1,13,14
748,wynterstoner.blogspot.com,0,0,0
749,x-pollen.com/many/blog.html,0,5,5
750,xanga.com/allegrad,0,0,0
751,xanga.com/home.aspx?user=phknrocket1k,0,0,0
752,xanga.com/kerry4president,0,0,0
753,xianleft.blogspot.com,0,0,0
754,xnerg.blogspot.com,73,69,142
755,yarsrevenge.blogspot.com,1,40,41
756,yglesias.typepad.com/matthew,128,13,141
757,yoder.ru,0,1,1
758,younglibs.com,1,0,1
759,84rules.blog-city.com,0,0,0
760,a100wwe.blogspot.com,0,5,5
761,absurd-canadian.blogspot.com,0,2,2
762,ace.mu.nu,69,72,141
763,aceoftrumpblog.blogspot.com,6,7,13
764,acepilots.com/mt,50,14,64
765,acertainslantoflight.blogspot.com,4,74,78
766,achicknamedmarzi.com,4,4,8
767,activistchat.com/blogiran,41,12,53
768,adeimantus.blogspot.com,6,11,17
769,adonai.cc,0,0,0
770,airjun.blogspot.com,0,0,0
771,alamodispatches.blogspot.com,0,2,2
772,alamonation.blogspot.com,7,23,30
773,alarmingnews.com,25,61,86
774,aldaron.modblog.com,0,4,4
775,aldaynet.org,46,69,115
776,alexpelan.blogspot.com,1,1,2
777,alittlemoretotheright.com,9,44,53
778,all-encompassingly.com,12,34,46
779,allahpundit.com,39,0,39
780,allthingsmark.com,1,0,1
781,alphapatriot.com,35,70,105
782,althouse.blogspot.com,36,8,44
783,americaindenial.com/?q=node/feed,0,0,0
784,americanchronicle.blogspot.com,2,5,7
785,americancommentator.blogs.com/the_american_commentator_,0,0,0
786,americandigest.org,27,7,34
787,americandinosaur.blogspot.com,7,30,37
788,americanfuture.typepad.com,4,30,34
789,americanjihad.blogspot.com,0,0,0
790,americankernel.com,0,3,3
791,americanreport.blogspot.com,2,11,13
792,americanthinker.com,32,2,34
793,americanwarmonger.blogspot.com,19,42,61
794,americanworldview.tripod.com/weltansblog,1,0,1
795,americasteen.tk,0,0,0
796,amigo13.blogspot.com,2,11,13
797,amradio.blogspot.com,0,2,2
798,andrewsullivan.com,143,0,143
799,andrightlyso.blogspot.com,1,0,1
800,angrychineseblogger.blog-city.com,1,0,1
801,angrygwn.blogspot.com,4,13,17
802,anncoulter.org,34,2,36
803,annika.mu.nu,17,8,25
804,anothervrwc.blogspot.com,0,2,2
805,antijohnkerry.blogspot.com,7,8,15
806,antiprotester.blogspot.com,6,28,34
807,apologiesdemanded.blogspot.com,2,33,35
808,arkanssouri.blogspot.com,1,7,8
809,armchairgeneralist.typepad.com,1,13,14
810,asmallvictory.net,75,1,76
811,asmodeus-space.com/weblog/blog/index.php,0,7,7
812,astrosoup.blogspot.com,1,1,2
813,athena.blogs.com,6,24,30
814,awideawake.blogspot.com,15,14,29
815,ayerdis.com/rants.php,2,19,21
816,babytrollblog.com,6,49,55
817,baldilocks.typepad.com,46,8,54
818,balloon-juice.com,58,53,111
819,bamapachyderm.blogspot.com,3,0,3
820,batr.net,2,2,4
821,batr.org/commentary.html,2,1,3
822,beautifulatrocities.com,30,10,40
823,beefalwayswins.blogspot.com,4,17,21
824,beldar.blogs.com/beldarblog,18,54,72
825,bellusbellum.info,2,0,2
826,belmontclub.blogspot.com,95,27,122
827,bensgtusmc.com,0,3,3
828,bensworld.patriotforum.org,7,8,15
829,bernardmoon.blogspot.com,6,15,21
830,betsyspage.blogspot.com,30,7,37
831,bidinotto.journalspace.com,4,4,8
832,bigenchilada.org,0,0,0
833,bigfatroid.blogspot.com,2,1,3
834,bigjourney.blogspot.com,1,0,1
835,billhobbs.com,56,48,104
836,billrice.org,0,11,11
837,billroggio.com/easongate,30,20,50
838,bitheads.blogspot.com,12,18,30
839,bittersweetme.net/blog/index.php,9,17,26
840,bkennelly.com/vox,1,3,4
841,blackmanforbush.blogspot.com,3,3,6
842,blindmindseye.com,6,6,12
843,blithered.blogspot.com,13,28,41
844,blog.iainlindley.com,0,0,0
845,blog.mytechaid.com,0,0,0
846,blog.nam.org,0,1,1
847,blog.ncsweb.us,2,9,11
848,blog.so-amazing.net,1,0,1
849,blog.willrobinson47.com,3,0,3
850,bloghogger.blogspot.com,0,3,3
851,blogicus.com,10,52,62
852,blogodob.blogspot.com,1,43,44
853,blogs.blogosphere.ca/brock,0,0,0
854,blogsagainsthillary.com,43,2,45
855,blogsforbush.com,211,256,467
856,blogsofwar.com,38,84,122
857,blogspirator.blogspot.com,1,19,20
858,blubberhollow.com/blog,3,1,4
859,blue6golf.blogspot.com,1,6,7
860,bluegoldfish.blogs.com/surface,4,19,23
861,bluestates.blogspot.com,1,8,9
862,bobhayes.net,27,1,28
863,boottotheskull.com,1,1,2
864,borgardblog.blogspot.com,1,8,9
865,brainshavings.com,17,20,37
866,brendonsspiderhole.blogspot.com,0,0,0
867,brianlarry.com,0,0,0
868,brianscott.blogspot.com,1,0,1
869,brutallyhonest.org,9,0,9
870,buckeyepundit.blogspot.com,1,4,5
871,bullmooserepublicans.com/blog,5,0,5
872,bushblog.us,21,0,21
873,c-pol.blogspot.com,2,12,14
874,californiaconservatives4truth.blogspot.com,6,11,17
875,calirep.blogspot.com,1,5,6
876,calpoly.edu/~doleary/blog.htm,1,4,5
877,campaignofone.org/blog/index.asp,0,0,0
878,captainsquartersblog.com/mt,121,16,137
879,catscape.com,11,9,20
880,cayankee.blogs.com,19,123,142
881,cbcbcbcb.blogspot.com,9,8,17
882,ccs178.com,2,11,13
883,cdharris.net,36,6,42
884,cecile.squarespace.com,0,1,1
885,celluloid-wisdom.com/pw,65,13,78
886,celluloid-wisdom.com/pw/,0,39,39
887,centinel.blogspot.com,1,4,5
888,chadster.capitalfocus.org,2,0,2
889,chainik_hocker.blogspot.com,3,0,3
890,charlesking.blogspot.com,0,1,1
891,chiefsblog.blogspot.com,1,5,6
892,chrenkoff.blogspot.com,62,57,119
893,christian-patriot.blogspot.com,14,9,23
894,civilcommotion.com,2,2,4
895,claycalhoun.com,9,26,35
896,claytoncorner.blogspot.com,0,3,3
897,clubforgrowth.org/blog,9,10,19
898,cmillertime.blogspot.com,12,1,13
899,coffee.ondragonswing.com,7,7,14
900,commonsenserunswild.typepad.com,8,87,95
901,confederateyankee.blogspot.com,11,10,21
902,conpro.blogspot.com,0,0,0
903,conservativeblogger.com,3,2,5
904,conservativecat.com,9,13,22
905,conservativecitizen.blogspot.com,0,0,0
906,conservativedhc.blogspot.com,0,0,0
907,conservativedialysis.com,10,30,40
908,conservativeeyes.blogspot.com,39,1,40
909,conservativelife.com/blog,5,39,44
910,conservativenation.us,1,0,1
911,conservativeobserver.blogspot.com,1,4,5
912,conservativepolitics.blogspot.com,0,1,1
913,conservativepunk.com,11,0,11
914,conservativepush.blogspot.com,2,4,6
915,conservativeresponse.com,1,4,5
916,conservativerevolution.com,2,20,22
917,conservativevor.blogdrive.com,0,0,0
918,conservativezone.blogspot.com,1,14,15
919,coxandforkum.com,83,31,114
920,cptnwinky.com,0,3,3
921,crankybastard.blogspot.com,1,29,30
922,crankyneocon.com/crankyneocon,10,33,43
923,criticalbill.blogspot.com,0,0,0
924,cruelkev.blogspot.com,0,0,0
925,cubanstories.blogspot.com,0,5,5
926,cybermenace.blogspot.com,1,1,2
927,cynicalnation.com,8,53,61
928,cynscorion.com/v-web/b2/index.php,0,0,0
929,d-42.com,2,0,2
930,daddypundit.blogspot.com,11,14,25
931,dadougster.blogspot.com,0,2,2
932,dailypundit.com,41,5,46
933,dailyrecycler.com/blog,14,6,20
934,daisycutter.blogspot.com,8,38,46
935,dalythoughts.com,18,96,114
936,danieldrezner.com/blog,65,26,91
937,danzfamily.com,4,17,21
938,dartblog.com,5,13,18
939,datingrepublicans.com,1,0,1
940,deadcantrant.com/blog,1,17,18
941,deanesmay.com,87,8,95
942,deansjournal.blogspot.com,1,15,16
943,decision08.blogspot.com,6,40,46
944,denbeste.nu,50,7,57
945,depressedlonelybored.typepad.com,2,0,2
946,deserttusk.blogspot.com,8,11,19
947,devildawg.blogspot.com,0,18,18
948,dgci.blog-city.com,0,0,0
949,dgci.net,26,0,26
950,diggersrealm.com/mt,18,18,36
951,dilusionl.blogspot.com,0,3,3
952,diplomadic.blogspot.com,51,5,56
953,discerningtexan.blogspot.com,9,70,79
954,discountblogger.com,3,0,3
955,disintegrator.blogspot.com,5,6,11
956,dissectleft.blogspot.com,26,70,96
957,dividedloyalties.net,0,0,0
958,dizzy-girl.net/index.php,6,1,7
959,dmobley.blogspot.com,6,10,16
960,dogwooddreams.com/serendipity,1,2,3
961,donaldsensing.com,56,7,63
962,downtownlad.blogspot.com,3,3,6
963,drudgereport.com,238,5,243
964,drumwaster.com,9,3,12
965,drunkensamurai.blogspot.com,3,7,10
966,dummocrats.com,27,54,81
967,dynamist.com/weblog,40,24,64
968,economicswithaface.com/weblog,3,12,15
969,edmondthehun.blogspot.com,0,0,0
970,eeg3.com,1,3,4
971,ejectejecteject.com,44,6,50
972,electionprojection.com,30,38,68
973,electricvenom.com,33,9,42
974,elevendayempire.com/movabletype,7,17,24
975,emilythedog.blogspot.com,1,7,8
976,epubguy.blogs.com/epubguy,0,0,0
977,erickohn.com,0,11,11
978,erikack.blogspot.com,2,0,2
979,etalkinghead.com,75,0,75
980,evangelicaloutpost.com,59,91,150
981,everythingiknowiswrong.com,21,47,68
982,evilpundit.com,6,14,20
983,fearfulsymmetry.blogspot.com,2,0,2
984,firstdownpolitics.com,0,2,2
985,flyinspacemonkey.mu.nu,0,0,0
986,fooswah.com,0,0,0
987,franklog.com,1,0,1
988,fraterslibertas.com,28,10,38
989,freedomofthought.com,9,6,15
990,freerepublic.com,81,0,81
991,fringeblog.com,8,2,10
992,fritzs-thoughts.blogspot.com,1,8,9
993,gaypatriot.blogspot.com,13,27,40
994,gccpundit.blogspot.com,0,6,6
995,gcruse.typepad.com,10,5,15
996,georgewbush.com,82,0,82
997,georgewbush.com/blog,0,0,0
998,gerberatetra.blogspot.com,0,23,23
999,getdexview.barrennorth.com,0,0,0
1000,gevkaffeegal.typepad.com/the_alliance,101,110,211
1001,ghostofaflea.com,14,6,20
1002,gillaand.blogspot.com,0,0,0
1003,gindy.blogspot.com,2,14,16
1004,gmscorner.blogspot.com,0,27,27
1005,godubya.com,2,0,2
1006,gopandcollege.blogspot.com,1,2,3
1007,gopandthecity.blogspot.com,11,18,29
1008,gopbloggers.org,69,5,74
1009,gopinsight.com,7,21,28
1010,gotdesign.blogspot.com,4,18,22
1011,gracefotography.com/graceblog/index.php,0,0,0
1012,grantb88.com,0,0,0
1013,greatestjeneration.com,21,10,31
1014,grownups.blogspot.com,0,1,1
1015,gullyborg.typepad.com,2,18,20
1016,gwbblows.blogspot.com,0,0,0
1017,happyhomeschooler.blog-city.com,1,0,1
1018,hasidicgentile.org,0,1,1
1019,hathaby.net/weblog.php,2,0,2
1020,headland.blogspot.com,1,16,17
1021,healingiraq.blogspot.com,43,5,48
1022,heathenfolk.warblogs.com/blog,0,0,0
1023,heavylifting.blogspot.com,0,2,2
1024,hectorvex.blogspot.com,3,16,19
1025,henerd.com,0,2,2
1026,hiddennook.blogspot.com,5,8,13
1027,hijkselur.blogspot.com,0,0,0
1028,hillcountryviews.blogspot.com,9,16,25
1029,hipublican.com,2,0,2
1030,hobsonschoice.us,1,0,1
1031,holecard.blogspot.com,3,29,32
1032,home.earthlink.net/~goodnoughp/index.html,0,0,0
1033,home.earthlink.net/~jasider,0,0,0
1034,home.earthlink.net/~techservant,3,0,3
1035,home.earthlink.net/~ur_blog,0,0,0
1036,home.midsouth.rr.com/joefish,9,21,30
1037,homespunbloggers.blogspot.com,35,41,76
1038,homicidalmaniak.com,2,13,15
1039,hoosierparliament.com,0,0,0
1040,horologium.net,7,25,32
1041,hughhewitt.com,157,68,225
1042,iamaugustus.blogspot.com,2,0,2
1043,ideastockexchange.com/essays/laubs-mike-interest-politics-web-log.htm,0,0,0
1044,ikilledcheguevara.blogspot.com,2,7,9
1045,imao.us,77,11,88
1046,imprescindibile.ilcannocchiale.it,1,0,1
1047,incite1.blogspot.com,13,47,60
1048,indcjournal.com,65,43,108
1049,indepundit.com,24,11,35
1050,inmyrightmind.com,0,0,0
1051,instapundit.com,276,86,362
1052,interested-participant.blogspot.com,16,26,42
1053,inthebullpen.com,28,29,57
1054,iowageek.blogspot.com,4,43,47
1055,iraqthemodel.blogspot.com,76,28,104
1056,isaacspolitics.blogspot.com,0,0,0
1057,isdl.blogspot.com,1,8,9
1058,isdl.weblogs.us,1,7,8
1059,itsafterglow.blogspot.com,0,0,0
1060,itscomedowntothis.blogspot.com,1,2,3
1061,itznewstome.blogspot.com,2,33,35
1062,jacklewis.net,4,12,16
1063,janegalt.net,55,40,95
1064,jchristopherfeng.com,2,0,2
1065,jeffblanco.blogdrive.com,13,25,38
1066,jenjuskhan.blogspot.com,0,0,0
1067,jewishworldreview.com,42,0,42
1068,jg-spot.blogspot.com,3,3,6
1069,jihadwatch.org,47,3,50
1070,jlynnsmith30.blogspot.com,7,2,9
1071,joatmoaf.typepad.com/i_love_jet_noise,12,2,14
1072,joepublicus.blogspot.com,2,8,10
1073,johngalt.us,0,0,0
1074,johnkerrymustlose.com,0,4,4
1075,johnnbrown.blogspot.com,2,0,2
1076,jokerstotheright.blogspot.com,2,10,12
1077,joshferguson.blogspot.com,1,5,6
1078,journals.aol.com/lily990016/pissoffliberals,0,2,2
1079,journals.aol.com/mark24609/myblog,0,1,1
1080,jperspective.com,4,3,7
1081,jquinton.com,49,22,71
1082,jrogg.blogspot.com,2,13,15
1083,juntoboys.blogspot.com,0,10,10
1084,justalkin.us,1,2,3
1085,kalblog.com,4,10,14
1086,kausfiles.com,52,0,52
1087,keithy1028.bravejournal.com,1,2,3
1088,kellipundit.blogspot.com,5,26,31
1089,kenshepherd.blogspot.com,1,0,1
1090,kevincourser.blogspot.com,1,2,3
1091,kimdutoit.com/dr/weblog.php,24,26,50
1092,king-of-fools.com,21,21,42
1093,kitchennetwork.blogspot.com,5,6,11
1094,kushreport.com,0,0,0
1095,la4israel.org/wordpress,39,3,42
1096,ladymac.com,0,19,19
1097,lahargis.blogspot.com,2,0,2
1098,lancehaun.com,0,0,0
1099,larsonreport.com,2,0,2
1100,lashawnbarber.blogspot.com,3,0,3
1101,lashawnbarber.com,105,113,218
1102,laughatliberals.com,2,1,3
1103,laughingwolf.net,6,49,55
1104,lawguy.blogspot.com,6,40,46
1105,valuerightnews.blogspot.com,10,5,15
1106,leftcoastconservative.blogspot.com,1,15,16
1107,leftnuts.com/runcms/modules/news,0,0,0
1108,legendgames.net/myblog.asp,10,60,70
1109,libertarianjackass.blogspot.com,2,14,16
1110,life.laptoplobbyist.com,0,0,0
1111,literatevalues.org/virtue.htm,0,0,0
1112,littlegreenfootballs.com/weblog,181,27,208
1113,littlegreenfootballs.com/weblog/weblog.php,0,25,25
1114,littletinylies.com,8,2,10
1115,livejournal.com/users/bambenek,0,20,20
1116,livinginbabylon.blogspot.com,2,3,5
1117,lonewacko.com,0,26,26
1118,longdukdong44.blogspot.com,0,0,0
1119,loosecoin.blogspot.com,0,2,2
1120,louisville.edu/~bebusc02/blog/notarobot.html,0,0,0
1121,lt-smash.us,57,4,61
1122,lucianne.com,36,0,36
1123,luxeword.com,12,5,17
1124,madanthony.org,4,3,7
1125,made4theinternet.blogspot.com,3,43,46
1126,madtechspeaks.blogspot.com,10,14,24
1127,magnificentfreedom.us,0,5,5
1128,manifestcontent.net,3,12,15
1129,mantic.squarespace.com,1,2,3
1130,mariestwocents.blogspot.com,6,16,22
1131,markheimonen.blogspot.com,1,67,68
1132,markmeador.blogspot.com,0,0,0
1133,marknicodemo.blogspot.com,6,21,27
1134,marksteyn.com,29,0,29
1135,martinipundit.com,11,86,97
1136,martydee.com/poligov,2,0,2
1137,marylandpolitics.blogspot.com,0,0,0
1138,masononline.biz,0,0,0
1139,matthewstinson.com/blog,10,0,10
1140,mattresspolice.com,0,15,15
1141,maybeithinktoomuch.com,5,13,18
1142,mc256.blogspot.com,0,0,0
1143,mcpheet.com,0,0,0
1144,mdcbowen.org/cobb,9,12,21
1145,meckz.net,2,0,2
1146,mementomoron.blogspot.com,5,12,17
1147,mercreport.blogspot.com,0,0,0
1148,messopotamian.blogspot.com,33,0,33
1149,metallicity.com/mb.asp,1,6,7
1150,mhking.mu.nu,43,30,73
1151,michaelsavagelistener.blog-city.com,0,0,0
1152,michaeltotten.com,44,37,81
1153,michellemalkin.com,200,28,228
1154,midwestrightwingers.blogspot.com,5,18,23
1155,mikesamerica.blogspot.com,0,5,5
1156,millers_time.typepad.com,5,0,5
1157,mindspring.com/~gsb3/blogger.html,1,0,1
1158,mobile.blogcastlive.com,7,0,7
1159,moorewatch.com,27,1,28
1160,mostlycajun.com,1,0,1
1161,motgs.com,5,41,46
1162,mtvirtus.blogspot.com,6,44,50
1163,mudandphud.blogspot.com,9,32,41
1164,mudvillegazette.com,64,18,82
1165,musicfromthebluelight.com/b,2,4,6
1166,mwilliams.info,11,25,36
1167,my2cent.blogspot.com,3,6,9
1168,myaisling.blogspot.com,0,17,17
1169,mycatharsis.com,1,1,2
1170,mydamascusroad.blogspot.com,3,0,3
1171,myechochamber.blogspot.com,0,4,4
1172,mypetjawa.mu.nu,50,42,92
1173,myworldview034.blogspot.com,0,0,0
1174,nakedrepublic.com,0,0,0
1175,nashvilletruth.blogspot.com,1,2,3
1176,nationalbird.net,0,3,3
1177,nationalcenter.org/blog.html,15,66,81
1178,nationalnewsregister.com/modules/wordpress,1,0,1
1179,nationalreview.com/thecorner,135,7,142
1180,nationalreview.com/thecorner/corner.asp,0,7,7
1181,nelslindahl.net,0,0,0
1182,neoconservatives.blogspot.com,1,0,1
1183,neoconswatch.blogspot.com,1,2,3
1184,neonbrainiac.nu/mt/blog,3,0,3
1185,nerepublican.blogspot.com,23,79,102
1186,neverwrongnever.blogspot.com,1,3,4
1187,newcounterculture.com/log,5,53,58
1188,newsbloggers.blogspot.com,1,1,2
1189,newsjungle.blogspot.com,0,2,2
1190,newsnik.com,2,0,2
1191,nicedoggie.net,65,62,127
1192,nickiegoomba.blogspot.com,8,30,38
1193,nicoladellarciprete.blogs.com,0,3,3
1194,noguru.tblog.com,2,9,11
1195,nomayo.mu.nu,7,32,39
1196,nonboxthinking.blogspot.com,3,1,4
1197,nykola.com,16,0,16
1198,o4tom.blogspot.com,1,2,3
1199,officesmileman.com,3,8,11
1200,ofthemind.blogspot.com,3,39,42
1201,ogresview.blogspot.com,10,4,14
1202,okieonthelam.com,6,28,34
1203,oldfashionedwhippersnapper.blogspot.com,1,3,4
1204,onthewire.blogspot.com,0,2,2
1205,opiniontimes.blogspot.com,6,4,10
1206,opiniontimes.com,2,1,3
1207,oppb.com,5,9,14
1208,orthogonian.blogspot.com,0,1,1
1209,outsidethebeltway.com,94,59,153
1210,pajamaeditors.blogspot.com,8,12,20
1211,pajamahadin.com,4,17,21
1212,pajamajournalist.blogspot.com,0,13,13
1213,palominas.blogspot.com,1,3,4
1214,papadoc.net/pinkflamingobar.html,14,41,55
1215,pardonmyenglish.com,28,58,86
1216,patrickmcclarty.blogspot.com,0,11,11
1217,patrickruffini.com,32,30,62
1218,patriot-paradox.com,11,16,27
1219,patriotblog.com,5,2,7
1220,patriotism101.blogspot.com,10,12,22
1221,patriotsforbush.com,9,23,32
1222,patterico.com,37,41,78
1223,pejmanesque.com,60,54,114
1224,pennsylvanianinexile.blogspot.com,3,3,6
1225,perryvsworld.blogspot.com,1,3,4
1226,philomathean.blogs.com,2,17,19
1227,piano-tuning.net/blog,4,22,26
1228,planetsuz.blogspot.com,0,0,0
1229,poeticvalues.blogspot.com,5,8,13
1230,polialaska.blogspot.com,0,0,0
1231,poliblogger.com,41,59,100
1232,polipundit.com,76,23,99
1233,politicalanimals.blogspot.com,1,0,1
1234,politicaldogs.org,0,4,4
1235,politicalhyperbole.blogspot.com,0,0,0
1236,politicalmusings.net,4,55,59
1237,politicalpie.modblog.com,0,8,8
1238,politicaltracker.com,3,15,18
1239,politicaltracker.com/blog/weblog.php,0,16,16
1240,politicalvicesquad.blogspot.com,5,1,6
1241,poorandwhite.blogspot.com,0,0,0
1242,poorjustin.blogspot.com,1,2,3
1243,poptext.blogspot.com,0,0,0
1244,poweragerambleson.blogspot.com,9,23,32
1245,powerlineblog.com,220,15,235
1246,powerpundit.com,12,73,85
1247,powervacuum.org,0,1,1
1248,prayforbush.blogspot.com,0,0,0
1249,presidentreagan.info/discussion,1,7,8
1250,professorbainbridge.com,56,28,84
1251,prolifeblogs.com,36,3,39
1252,propagandamachine.blogspot.com,1,14,15
1253,prosandcons.us,2,15,17
1254,punditguy.com,5,17,22
1255,punditz.journalspace.com,5,6,11
1256,qoae.net,15,3,18
1257,quante.blogspot.com,2,16,18
1258,quibbles-n-bits.com,3,9,12
1259,quimundus.modblog.com,0,1,1
1260,quimundus.squarespace.com,2,0,2
1261,r21online.com,0,3,3
1262,r2korn.blogdrive.com,1,3,4
1263,rabner.blogspot.com,0,4,4
1264,radioequalizer.blogspot.com,4,9,13
1265,raincrossblog.com,1,0,1
1266,randomjottings.net,7,10,17
1267,rant.st,0,2,2
1268,ratherbiased.com/news,9,4,13
1269,rathergate.com,13,22,35
1270,realclearpolitics.com,117,5,122
1271,realordeal.blogspot.com,5,7,12
1272,rebelrouser.net/v-web/b2/index.php,0,0,0
1273,rebrand-democrat.txfx.net,0,3,3
1274,reckersau.blogspot.com,5,14,19
1275,redmindbluestate.blogspot.com,7,24,31
1276,rednyc.blogspot.com,1,15,16
1277,redstate.org,64,27,91
1278,redstatealliance.blogspot.com,3,11,14
1279,reggiescorner.blogspot.com,1,1,2
1280,regimechangeiran.com,2,17,19
1281,renpro.kwcom.net,1,0,1
1282,reporterette.com,0,17,17
1283,republicanpower.blogspot.com,0,0,0
1284,republicanresearchcouncil.blogspot.com,0,0,0
1285,republitarian.org,0,0,0
1286,republog.net,0,17,17
1287,respublica2004.blogspot.com,9,13,22
1288,retiredwarrant.blogdrive.com,1,8,9
1289,revone.net/jarhead,0,1,1
1290,rfburnhertz.net/rf_blog,3,12,15
1291,richmar.blogspot.com,0,1,1
1292,right-magazine.com/blog,0,0,0
1293,right-thinking.com,33,1,34
1294,rightcrusade.blogspot.com,0,0,0
1295,rightmoment.blogspot.com,7,12,19
1296,rightonred.net,12,30,42
1297,rightperspective.net,1,0,1
1298,rightrainbow.com,11,6,17
1299,rightreadingroom.com/index.php,0,0,0
1300,rightstate.blogspot.com,1,6,7
1301,rightvoices.com,16,6,22
1302,rightwingbastardo.blogspot.com,0,2,2
1303,rightwingbob.com,0,4,4
1304,rightwingdude.squarespace.com,1,0,1
1305,rightwingjournal.blogspot.com,2,3,5
1306,rightwingnews.com,119,3,122
1307,rightwingthinking.blogspot.com,1,4,5
1308,rightwingtroll.blogspot.com,6,9,15
1309,rightword.blogspot.com,5,17,22
1310,riteturnonly.blogspot.com,4,9,13
1311,rmcdaniel.blogspot.com,0,0,0
1312,rncnyc2004.blogspot.com,0,0,0
1313,robbernard.com,0,30,30
1314,robertp17.blogspot.com,0,2,2
1315,rockpaperscissor.blogspot.com,1,6,7
1316,rockpaperscissors.blogs.com,0,2,2
1317,rogerlsimon.com,79,34,113
1318,romeocat.typepad.com,5,11,16
1319,ron-james.com/blog,0,3,3
1320,rosenblog.com,8,44,52
1321,roseoftheknights.com/yank/pride.html,8,33,41
1322,roughstock.blogspot.com,2,3,5
1323,ryanshead.com,5,3,8
1324,salestaxusa.com,0,0,0
1325,samizdata.net/blog,45,45,90
1326,sarcasticsoutherner.blogspot.com,0,17,17
1327,sarebabe.blogdrive.com,0,0,0
1328,sayanythingblog.com,46,35,81
1329,scha-den-freu-de.blogspot.com,4,69,73
1330,scrappleface.com,113,1,114
1331,scrawlville.com,1,0,1
1332,sebourn.com/weblog,1,5,6
1333,section-31.blogspot.com,1,25,26
1334,secureliberty.org/,9,24,33
1335,sedenteanimo.com,0,9,9
1336,selfish-souls.com/blog,1,0,1
1337,sgtstryker.com,38,4,42
1338,shadydowns.blogspot.com,5,3,8
1339,shakingspears.blogspot.com,8,23,31
1340,shallows.blogspot.com,2,1,3
1341,sharpeblog.cybercatholics.com,0,2,2
1342,shortfatcorporal.blogspot.com,0,4,4
1343,sickofliberals.blogspot.com,1,0,1
1344,sinfactor.blogspot.com,3,5,8
1345,sistertoldjah.com,1,19,20
1346,sixmeatbuffet.com,23,17,40
1347,skinmeister.name,0,0,0
1348,slantpoint.com,32,11,43
1349,slingsnarrows.erudite-absurdity.com,5,1,6
1350,slipofthepen.blogspot.com,3,2,5
1351,slowplay.com,11,48,59
1352,slublog.blogspot.com,12,34,46
1353,smarthomeschool.com,1,0,1
1354,smashingzero.blogspot.com,0,3,3
1355,smellyduck.blogspot.com,0,3,3
1356,sneakeasysjoint.com,12,2,14
1357,sondrak.com,24,9,33
1358,sonsoftherepublic.com,0,0,0
1359,soundingthetrumpet.blogspot.com,6,12,18
1360,southernappeal.blogspot.com,33,40,73
1361,southernrightwingextremist.blogspot.com,0,3,3
1362,southernwatch.blogspot.com,3,33,36
1363,speculativepolitics.blogspot.com,0,0,0
1364,spreadingunderstanding.blogspot.com,5,31,36
1365,spydrzweb.blogspot.com,0,2,2
1366,squiggler.braveblog.com,1,7,8
1367,stan-istan.blogspot.com,1,3,4
1368,stealthebandwagon.blogspot.com,1,3,4
1369,stillmanvalley.org/aoo,8,17,25
1370,stinkbait.blogspot.com,0,0,0
1371,stix1972.blogspot.com,6,9,15
1372,stmonk.blogspot.com,5,13,18
1373,stolenthunder.blogspot.com,6,8,14
1374,strategicintelligence.blogspot.com,15,30,45
1375,streetlog.typepad.com,0,17,17
1376,sulliwatch.blogspot.com,0,0,0
1377,summation.net,1,0,1
1378,sweetgrrrl.blogspot.com,2,4,6
1379,swfwithattitude.blogspot.com,1,3,4
1380,swiftreport.blogs.com,8,0,8
1381,tagorda.com,17,41,58
1382,talesofawanderingmind.blogspot.com,0,13,13
1383,talkshowamerica.blogspot.com,1,15,16
1384,techievampire.net/wppol,11,103,114
1385,techtrend.com/blog/taranicole,1,1,2
1386,tedlinczak.com,0,0,0
1387,templeofjennifer.com/blog,3,14,17
1388,tepid-observer.blogspot.com,0,4,4
1389,texasbug.blogspot.com,8,13,21
1390,thatliberalmedia.com,36,5,41
1391,the-torch.com,2,0,2
1392,theamericanmind.com,27,19,46
1393,thebloghill.blogspot.com,1,1,2
1394,thecommonvirtue.com,6,24,30
1395,theconservativezone.com,4,7,11
1396,thecrankfiles.blogspot.com,2,12,14
1397,thedailygoodnews.com,0,1,1
1398,thedispatch.blogspot.com,0,2,2
1399,thedonovan.com,31,6,37
1400,thedumbdemocrat.blogspot.com,0,0,0
1401,theglitteringeye.com,14,26,40
1402,thejessefactor.blogspot.com,4,24,28
1403,thelastword.blogdrive.com,1,9,10
1404,theliberalslies.blogspot.com,2,8,10
1405,themeofabsence.com,0,1,1
1406,theneo-progressive.blogspot.com,5,14,19
1407,thenudnikfile.blogspot.com,1,20,21
1408,thepatriette.com,22,60,82
1409,thepaytons.org/essays/considerettes,7,9,16
1410,thepoliticalanimal.com,0,56,56
1411,thepoliticalteen.net,19,32,51
1412,therightblog.blogspot.com,1,23,24
1413,therightcoast.blogspot.com,9,22,31
1414,therightwingconspiracy.org,8,30,38
1415,therinsecycle.com,1,2,3
1416,therostra.blogspot.com,1,2,3
1417,thesakeofargument.com,6,0,6
1418,thespoonsexperience.com,40,4,44
1419,thetarpit.blogspot.com,2,13,15
1420,thetemplarpundit.blogspot.com,7,16,23
1421,theunderscore.blogspot.com,4,16,20
1422,theurbangrind.blogspot.com,9,11,20
1423,thevaticanofliberalism.com,7,21,28
1424,thinkingright.blogspot.com,0,0,0
1425,thinkingright.us,3,23,26
1426,thisliberal.com,4,13,17
1427,thomasgalvin.blogspot.com,24,69,93
1428,thomaswharry.com,1,0,1
1429,timblair.net,48,32,80
1430,timblair.spleenville.com,39,33,72
1431,tokenyoungconservative.blogspot.com,0,18,18
1432,tom-hanna.org,4,18,22
1433,toneofvoice.blogspot.com,2,1,3
1434,totels.com/bush04,0,3,3
1435,townhall.com/clog,19,18,37
1436,truebluegal.blogspot.com,8,11,19
1437,truthlaidbear.com,187,17,204
1438,truthliesandcommonsense.blogspot.com,7,16,23
1439,truthprobe.blogspot.com,0,46,46
1440,tseytlin.blogspot.com,0,2,2
1441,tsrightdominion.blogspot.com,8,16,24
1442,tuckereskew.typepad.com,2,1,3
1443,tweetpetite.blogspot.com,0,0,0
1444,twentyfirstcenturyrepublican.blogspot.com,4,14,18
1445,txfx.net,14,16,30
1446,unconventionalwisdom.typepad.com,2,14,16
1447,undercaffeinated.com,3,0,3
1448,underscorebleach.net/content/jotsheet,1,0,1
1449,unfetteredmusings.blogspot.com,1,18,19
1450,unusualhabits.blogspot.com,0,3,3
1451,usdlaw.blogspot.com,1,11,12
1452,vandyconservative.blogspot.com,0,0,0
1453,vapolitics.info,0,0,0
1454,variousorthodoxies.com,3,0,3
1455,victorhanson.com,45,1,46
1456,viewfromaheight.blogspot.com,3,15,18
1457,viewfromtonka.blogspot.com,3,9,12
1458,viewpointjournal.com,4,5,9
1459,vikingpundit.blogspot.com,31,49,80
1460,virginiapolitics.blogspot.com,4,9,13
1461,vodkapundit.com,105,66,171
1462,voiceofthewebb.blogspot.com,0,0,0
1463,volokh.com,107,24,131
1464,vondollens.us,0,0,0
1465,vote4georgew.blogspot.com,0,0,0
1466,wanderingmind.blog-city.com,0,0,0
1467,warriorscreed.000k3.com,1,0,1
1468,watchandwait.blogspot.com,2,1,3
1469,watdanook.blogspot.com,2,2,4
1470,web.utk.edu/~agroves,2,0,2
1471,wehavesomeplanes.blogspot.com,3,15,18
1472,whatsakyer.blogspot.com,7,8,15
1473,wholewheatblogger.com,1,17,18
1474,wildweasel.blog-city.com,1,0,1
1475,williamwebbdotorg.blogspot.com,10,16,26
1476,winceandnod.blogspot.com,4,10,14
1477,windingroad.typepad.com,3,11,14
1478,windsofchange.net,80,27,107
1479,wizbangblog.com,138,81,219
1480,wrighthot.com,0,0,0
1481,writehouse.us,0,1,1
1482,writingcompany.blogs.com/this_isnt_writing_its_typ,11,45,56
1483,xanga.com/eugene3,0,0,0
1484,xanga.com/lockjawtheogre,0,2,2
1485,xtremerightwing.net,1,2,3
1486,youngconservative.blogspot.com,2,1,3
1487,zebrax.blogs.com,4,15,19
1488,zeke01.blogspot.com,0,1,1
1489,zeke01.typepad.com,14,8,22
1490,zeph1z.tripod.com/blog,0,1,1
